"YUKU LINK","NFT #","PRODUCT LINK",IMAGES,"URL LINK TO IMAGE","QR CODE",,,,,,,,,,,,,,,,,,,,,,
https://yuku.app/market/afeuw-qaaaa-aaaap-aakya-cai/b7bbr-oqkor-uwiaa-aaaaa-dyacw-aaqca-aaaaa-a,Bereshit Wall #1,https://revelation-walls.printify.me/product/22432198/bereshit-wall-1-purple-love,,https://images-api.printify.com/mockup/689e6b7cd2126c7c930b1022/88290/103212/bereshit-wall-1-purple-love.jpg?camera_label=front&revision=1755216404003&s=400,,,,,,,,,,,,,,,,,,,,,,,
https://yuku.app/market/afeuw-qaaaa-aaaap-aakya-cai/pdcsq-lakor-uwiaa-aaaaa-dyacw-aaqca-aaaaa-q,Bereshit Wall #2,https://revelation-walls.printify.me/product/22432351/bereshit-wall-2-purple-branches,,https://images-api.printify.com/mockup/689e7a838cb37ad5d409ff03/111821/107693/bereshit-wall-2-purple-branches.jpg?camera_label=front&revision=1755403044683&s=400,,,,,,,,,,,,,,,,,,,,,,,
https://yuku.app/market/afeuw-qaaaa-aaaap-aakya-cai/4hght-fqkor-uwiaa-aaaaa-dyacw-aaqca-aaaab-a,Bereshit Wall #3,https://revelation-walls.printify.me/product/22486240/bereshit-wall-3-peace-is-the-word,,https://images-api.printify.com/mockup/68a1538f84289d63a50c0300/88296/103227/bereshit-wall-3-peace-is-the-word.jpg?camera_label=front&revision=1755403433604&s=400,,,,,,,,,,,,,,,,,,,,,,,
https://yuku.app/market/afeuw-qaaaa-aaaap-aakya-cai/s3fus-aakor-uwiaa-aaaaa-dyacw-aaqca-aaaab-q,Bereshit Wall #4,https://revelation-walls.printify.me/product/22432489/bereshit-wall-4-purple-fire,,https://images-api.printify.com/mockup/689e7c5d451282a7b70e57fb/88296/103227/bereshit-wall-4-purple-fire.jpg?camera_label=front&revision=1755264939321&s=400,,,,,,,,,,,,,,,,,,,,,,,
https://yuku.app/market/afeuw-qaaaa-aaaap-aakya-cai/bcx5z-iykor-uwiaa-aaaaa-dyacw-aaqca-aaaac-a,Bereshit Wall #5,https://revelation-walls.printify.me/product/22443300/bereshit-wall-5-ring-of-fire,,https://images-api.printify.com/mockup/689f3820694c9600c9083336/107253/103789/bereshit-wall-5-ring-of-fire.jpg?camera_label=side&revision=1755266395698&s=400,,,,,,,,,,,,,,,,,,,,,,,
https://yuku.app/market/afeuw-qaaaa-aaaap-aakya-cai/p6uoy-nikor-uwiaa-aaaaa-dyacw-aaqca-aaaac-q,Bereshit Wall #6,https://revelation-walls.printify.me/product/22443389/bereshit-wall-6-purple-vibrations,,https://images-api.printify.com/mockup/689f3d9dd23165782a09b20b/88296/103227/bereshit-wall-6-purple-vibrations.jpg?camera_label=front&revision=1755266737280&s=400,,,,,,,,,,,,,,,,,,,,,,,
https://yuku.app/market/afeuw-qaaaa-aaaap-aakya-cai/42q33-dykor-uwiaa-aaaaa-dyacw-aaqca-aaaad-a,Bereshit Wall #7,https://revelation-walls.printify.me/product/22443465/bereshit-wall-7-wings-of-fire,,https://images-api.printify.com/mockup/689f3ee384289d63a50b713a/88296/103227/bereshit-wall-7-wings-of-fire.jpg?camera_label=front&revision=1755267039454&s=400,,,,,,,,,,,,,,,,,,,,,,,
https://yuku.app/market/afeuw-qaaaa-aaaap-aakya-cai/sgti2-gikor-uwiaa-aaaaa-dyacw-aaqca-aaaad-q,Bereshit Wall #8,https://revelation-walls.printify.me/product/22443645/bereshit-wall-8-peace-on-the-mountain,,https://images-api.printify.com/mockup/689f3feda7bcbeda4b0c2608/107277/103226/bereshit-wall-8-peace-on-the-mountain.jpg?camera_label=front&revision=1755267950543&s=400,,,,,,,,,,,,,,,,,,,,,,,
https://yuku.app/market/afeuw-qaaaa-aaaap-aakya-cai/aemzb-cakor-uwiaa-aaaaa-dyacw-aaqca-aaaae-a,Bereshit Wall #9,https://revelation-walls.printify.me/product/22443709/bereshit-wall-9-duck-head-in-color,,https://images-api.printify.com/mockup/689f428337f23f04cd028a88/88296/103227/bereshit-wall-9-duck-head-in-color.jpg?camera_label=front&revision=1755267920021&s=400,,,,,,,,,,,,,,,,,,,,,,,
https://yuku.app/market/afeuw-qaaaa-aaaap-aakya-cai/oypka-hqkor-uwiaa-aaaaa-dyacw-aaqca-aaaae-q,Bereshit Wall #10,https://revelation-walls.printify.me/product/22443957/bereshit-wall-10-big-head-duck-in-repose,,https://images-api.printify.com/mockup/689f437a37f23f04cd028aaf/88296/103227/bereshit-wall-10-big-head-duck-in-repose.jpg?camera_label=front&revision=1755268707931&s=400,,,,,,,,,,,,,,,,,,,,,,,
https://yuku.app/market/afeuw-qaaaa-aaaap-aakya-cai/54l7d-jakor-uwiaa-aaaaa-dyacw-aaqca-aaaaf-a,Bereshit Wall #11,https://revelation-walls.printify.me/product/22444139/bereshit-wall-11-strange-birth,,https://images-api.printify.com/mockup/689f466e694c9600c90836c8/88296/103227/bereshit-wall-11-strange-birth.jpg?camera_label=front&revision=1755269296763&s=400,,,,,,,,,,,,,,,,,,,,,,,
https://yuku.app/market/afeuw-qaaaa-aaaap-aakya-cai/taimc-mqkor-uwiaa-aaaaa-dyacw-aaqca-aaaaf-q,Bereshit Wall #12,https://revelation-walls.printify.me/product/22444274/bereshit-wall-12-duck-closeup,,https://images-api.printify.com/mockup/689f48f21b3a7ddaca0b19bb/107277/103226/bereshit-wall-12-duck-closeup.jpg?camera_label=front&revision=1755269782694&s=400,,,,,,,,,,,,,,,,,,,,,,,
https://yuku.app/market/afeuw-qaaaa-aaaap-aakya-cai/az2fj-eikor-uwiaa-aaaaa-dyacw-aaqca-aaaag-a,Bereshit Wall #13,https://revelation-walls.printify.me/product/22444435/bereshit-wall-13-golden-drips,,https://images-api.printify.com/mockup/689f4bd009de3a1de90d8c58/88296/103227/bereshit-wall-13-golden-drips.jpg?camera_label=front&revision=1755270501647&s=400,,,,,,,,,,,,,,,,,,,,,,,
https://yuku.app/market/afeuw-qaaaa-aaaap-aakya-cai/ofzwi-bykor-uwiaa-aaaaa-dyacw-aaqca-aaaag-q,Bereshit Wall #14,https://revelation-walls.printify.me/product/22444490/bereshit-wall-14-golden-drips-remix,,https://images-api.printify.com/mockup/689f4d8ca7bcbeda4b0c290f/88296/103227/bereshit-wall-14-golden-drips-remix.jpg?camera_label=front&revision=1755270758797&s=400,,,,,,,,,,,,,,,,,,,,,,,
https://yuku.app/market/afeuw-qaaaa-aaaap-aakya-cai/5b5dl-pikor-uwiaa-aaaaa-dyacw-aaqca-aaaah-a,Bereshit Wall #15,https://revelation-walls.printify.me/product/22444615/bereshit-wall-15-colorful-choas,,https://images-api.printify.com/mockup/689f4e7037f23f04cd028d19/88292/103215/bereshit-wall-15-colorful-choas.jpg?camera_label=front&revision=1755271127377&s=400,,,,,,,,,,,,,,,,,,,,,,,
https://yuku.app/market/afeuw-qaaaa-aaaap-aakya-cai/t56qk-kykor-uwiaa-aaaaa-dyacw-aaqca-aaaah-q,Bereshit Wall #16,https://revelation-walls.printify.me/product/22444663/bereshit-wall-16-joy-in-color,,https://images-api.printify.com/mockup/689f4fde52064bb6770548e2/88293/103219/bereshit-wall-16-joy-in-color.jpg?camera_label=front&revision=1755271317997&s=400,,,,,,,,,,,,,,,,,,,,,,,
https://yuku.app/market/afeuw-qaaaa-aaaap-aakya-cai/cj2qr-xqkor-uwiaa-aaaaa-dyacw-aaqca-aaaai-a,Bereshit Wall #17,https://revelation-walls.printify.me/product/22444742/bereshit-wall-17-lions-joy,,https://images-api.printify.com/mockup/689f50ac87987a828a0a7c8a/111821/107693/bereshit-wall-17-lions-joy.jpg?camera_label=front&revision=1755271613810&s=400,,,,,,,,,,,,,,,,,,,,,,,
https://yuku.app/market/afeuw-qaaaa-aaaap-aakya-cai/mvzdq-sakor-uwiaa-aaaaa-dyacw-aaqca-aaaai-q,Bereshit Wall #18,https://revelation-walls.printify.me/product/22444840/bereshit-wall-18-blue-elephant,,https://images-api.printify.com/mockup/689f51d283d704281002305e/111821/107693/bereshit-wall-18-blue-elephant.jpg?camera_label=front&revision=1755271881690&s=400,,,,,,,,,,,,,,,,,,,,,,,
https://yuku.app/market/afeuw-qaaaa-aaaap-aakya-cai/7r5wt-4qkor-uwiaa-aaaaa-dyacw-aaqca-aaaaj-a,Bereshit Wall #19,https://revelation-walls.printify.me/product/22444907/bereshit-wall-19-colorful-mind-in-the-world,,https://images-api.printify.com/mockup/689f52dc906f8a98d30fafaf/111821/107693/bereshit-wall-19-colorful-mind-in-the-world.jpg?camera_label=front&revision=1755272091075&s=400,,,,,,,,,,,,,,,,,,,,,,,
https://yuku.app/market/afeuw-qaaaa-aaaap-aakya-cai/rn6fs-zakor-uwiaa-aaaaa-dyacw-aaqca-aaaaj-q,Bereshit Wall #20,https://revelation-walls.printify.me/product/22445001/bereshit-wall-20-fish-scales-in-the-sea,,https://images-api.printify.com/mockup/689f53a737f23f04cd028e6e/88296/103227/bereshit-wall-20-fish-scales-in-the-sea.jpg?camera_label=front&revision=1755272353370&s=400,,,,,,,,,,,,,,,,,,,,,,,
https://yuku.app/market/afeuw-qaaaa-aaaap-aakya-cai/cummz-rykor-uwiaa-aaaaa-dyacw-aaqca-aaaak-a,Bereshit Wall #21,https://revelation-walls.printify.me/product/22445103/bereshit-wall-21-hidden-creatures,,https://images-api.printify.com/mockup/689f54ae87987a828a0a7d83/111821/107693/bereshit-wall-21-hidden-creatures.jpg?camera_label=front&revision=1755272654709&s=400,,,,,,,,,,,,,,,,,,,,,,,
https://yuku.app/market/afeuw-qaaaa-aaaap-aakya-cai/mip7y-uikor-uwiaa-aaaaa-dyacw-aaqca-aaaak-q,Bereshit Wall #22,https://revelation-walls.printify.me/product/22445183/bereshit-wall-22-the-birds-dance,,https://images-api.printify.com/mockup/689f55da09de3a1de90d8e88/111821/107693/bereshit-wall-22-the-birds-dance.jpg?camera_label=front&revision=1755272862004&s=400,,,,,,,,,,,,,,,,,,,,,,,
https://yuku.app/market/afeuw-qaaaa-aaaap-aakya-cai/7mlk3-2ykor-uwiaa-aaaaa-dyacw-aaqca-aaaal-a,Bereshit Wall #23,https://revelation-walls.printify.me/product/22445272/bereshit-wall-23-seed-of-new-beginnings,,https://images-api.printify.com/mockup/689f56a33cb7daa78d05b0ef/88296/103227/bereshit-wall-23-seed-of-new-beginnings.jpg?camera_label=front&revision=1755273140236&s=400,,,,,,,,,,,,,,,,,,,,,,,
https://yuku.app/market/afeuw-qaaaa-aaaap-aakya-cai/rqiz2-7ikor-uwiaa-aaaaa-dyacw-aaqca-aaaal-q,Bereshit Wall #24,https://revelation-walls.printify.me/product/22445391/bereshit-wall-24-warriors-call,,https://images-api.printify.com/mockup/689f582de8b643eb7e092f05/88296/103227/bereshit-wall-24-warriors-call.jpg?camera_label=front&revision=1755273479439&s=400,,,,,,,,,,,,,,,,,,,,,,,
https://yuku.app/market/afeuw-qaaaa-aaaap-aakya-cai/dsxib-3akor-uwiaa-aaaaa-dyacw-aaqca-aaaam-a,Bereshit Wall #25,https://revelation-walls.printify.me/product/22445508/bereshit-wall-25-birds-resurrection,,https://images-api.printify.com/mockup/689f590ee8b643eb7e092f47/111821/107693/bereshit-wall-25-birds-resurrection.jpg?camera_label=front&revision=1755273738871&s=400,,,,,,,,,,,,,,,,,,,,,,,
https://yuku.app/market/afeuw-qaaaa-aaaap-aakya-cai/nou3a-6qkor-uwiaa-aaaaa-dyacw-aaqca-aaaam-q,Bereshit Wall #26,https://revelation-walls.printify.me/product/22445880/bereshit-wall-26-birds-eye-views,,https://images-api.printify.com/mockup/689f5a4f0133cfb98602a523/111821/107693/bereshit-wall-26-birds-eye-views.jpg?camera_label=front&revision=1755274868401&s=400,,,,,,,,,,,,,,,,,,,,,,,
https://yuku.app/market/afeuw-qaaaa-aaaap-aakya-cai/6kqod-qakor-uwiaa-aaaaa-dyacw-aaqca-aaaan-a,Bereshit Wall #27,https://revelation-walls.printify.me/product/22446046/bereshit-wall-27-golden-eye-in-the-waters,,https://images-api.printify.com/mockup/689f5e7d571c2c156d0798b4/111821/107693/bereshit-wall-27-golden-eye-in-the-waters.jpg?camera_label=front&revision=1755275486854&s=400,,,,,,,,,,,,,,,,,,,,,,,
https://yuku.app/market/afeuw-qaaaa-aaaap-aakya-cai/6kqod-qakor-uwiaa-aaaaa-dyacw-aaqca-aaaan-a,Bereshit Wall #28,https://revelation-walls.printify.me/product/22446114/bereshit-wall-28-parrots-love,,https://images-api.printify.com/mockup/689f60f6571c2c156d079960/111821/107693/bereshit-wall-28-parrots-love.jpg?camera_label=front&revision=1755275896864&s=400,,,,,,,,,,,,,,,,,,,,,,,
https://yuku.app/market/afeuw-qaaaa-aaaap-aakya-cai/dpbuj-5ikor-uwiaa-aaaaa-dyacw-aaqca-aaaao-a,Bereshit Wall #29,https://revelation-walls.printify.me/product/22447185/bereshit-wall-29-madness-in-the-details,,https://images-api.printify.com/mockup/689f62e3571c2c156d0799e0/111821/107693/bereshit-wall-29-madness-in-the-details.jpg?camera_label=front&revision=1755279155241&s=400,,,,,,,,,,,,,,,,,,,,,,,
https://yuku.app/market/afeuw-qaaaa-aaaap-aakya-cai/ntchi-yykor-uwiaa-aaaaa-dyacw-aaqca-aaaao-q,Bereshit Wall #30,https://revelation-walls.printify.me/product/22447293/bereshit-wall-30-the-great-divide,,https://images-api.printify.com/mockup/689f6f3fbe069e4f7503a7a7/111821/107693/bereshit-wall-30-the-great-divide.jpg?camera_label=front&revision=1755279390253&s=400,,,,,,,,,,,,,,,,,,,,,,,
https://yuku.app/market/afeuw-qaaaa-aaaap-aakya-cai/6xgsl-wikor-uwiaa-aaaaa-dyacw-aaqca-aaaap-a,Bereshit Wall #31,https://revelation-walls.printify.me/product/22447497/bereshit-wall-31-protected-dolphin,,https://images-api.printify.com/mockup/689f702ad23165782a09be52/111821/107693/bereshit-wall-31-protected-dolphin.jpg?camera_label=front&revision=1755279939849&s=400,,,,,,,,,,,,,,,,,,,,,,,
https://yuku.app/market/afeuw-qaaaa-aaaap-aakya-cai/qlfbk-tykor-uwiaa-aaaaa-dyacw-aaqca-aaaap-q,Bereshit Wall #32,https://revelation-walls.printify.me/product/22447626/bereshit-wall-32-the-circle-of-a-kings-life,,https://images-api.printify.com/mockup/689f725686802a589c09af19/111821/107693/bereshit-wall-32-the-circle-of-a-kings-life.jpg?camera_label=front&revision=1755280323950&s=400,,,,,,,,,,,,,,,,,,,,,,,
https://yuku.app/market/afeuw-qaaaa-aaaap-aakya-cai/gswdq-4qkor-uwiaa-aaaaa-dyacw-aaqca-aaaaq-a,Bereshit Wall #33,https://revelation-walls.printify.me/product/22447733/bereshit-wall-33-motoko-ghost-is-the-wolf,,https://images-api.printify.com/mockup/689f743287987a828a0a84a8/111821/107693/bereshit-wall-33-motoko-ghost-is-the-wolf.jpg?camera_label=front&revision=1755280705944&s=400,,,,,,,,,,,,,,,,,,,,,,,
https://yuku.app/market/afeuw-qaaaa-aaaap-aakya-cai/iovqr-zakor-uwiaa-aaaaa-dyacw-aaqca-aaaaq-q,Bereshit Wall #34,https://revelation-walls.printify.me/product/22448015/bereshit-wall-34-lone-wolf,,https://images-api.printify.com/mockup/689f754b0133cfb98602ab09/88296/103227/bereshit-wall-34-lone-wolf.jpg?camera_label=front&revision=1755281491461&s=400,,,,,,,,,,,,,,,,,,,,,,,
https://yuku.app/market/afeuw-qaaaa-aaaap-aakya-cai/3krfs-xqkor-uwiaa-aaaaa-dyacw-aaqca-aaaar-a,Bereshit Wall #35,https://revelation-walls.printify.me/product/22454109/bereshit-wall-35-scattered-faces,,https://images-api.printify.com/mockup/689f78c0a7bcbeda4b0c32bb/111821/107693/bereshit-wall-35-scattered-faces.jpg?camera_label=front&revision=1755298640645&s=400,,,,,,,,,,,,,,,,,,,,,,,
https://yuku.app/market/afeuw-qaaaa-aaaap-aakya-cai/vwswt-sakor-uwiaa-aaaaa-dyacw-aaqca-aaaar-q,Bereshit Wall #36,https://revelation-walls.printify.me/product/22486034/revelation-wall-36-eye-vortex,,https://images-api.printify.com/mockup/689fbb62d23165782a09d08d/88294/103221/bereshit-wall-36-tropical-birds-anointing.jpg?camera_label=front&revision=1755299056195&s=400,,,,,,,,,,,,,,,,,,,,,,,
https://yuku.app/market/afeuw-qaaaa-aaaap-aakya-cai/gpa7y-2ykor-uwiaa-aaaaa-dyacw-aaqca-aaaas-a,Bereshit Wall #37,https://revelation-walls.printify.me/product/22454472/bereshit-wall-37-butterfly-refracted,,https://images-api.printify.com/mockup/689fbcfd46671f5f8c0471e8/111821/107693/bereshit-wall-37-butterfly-refracted.jpg?camera_label=front&revision=1755299744817&s=400,,,,,,,,,,,,,,,,,,,,,,,
https://yuku.app/market/afeuw-qaaaa-aaaap-aakya-cai/itdmz-7ikor-uwiaa-aaaaa-dyacw-aaqca-aaaas-q,Bereshit Wall #38,https://revelation-walls.printify.me/product/22454565/bereshit-wall-38-the-jokers-tears,,https://images-api.printify.com/mockup/689fbfb384289d63a50b8f9d/111821/107693/bereshit-wall-38-the-jokers-tears.jpg?camera_label=front&revision=1755299999204&s=400,,,,,,,,,,,,,,,,,,,,,,,
https://yuku.app/market/afeuw-qaaaa-aaaap-aakya-cai/3xhz2-rykor-uwiaa-aaaaa-dyacw-aaqca-aaaat-a,Bereshit Wall #39,https://revelation-walls.printify.me/product/22454626/bereshit-wall-39-butterflies-wing,,https://images-api.printify.com/mockup/689fc0a684289d63a50b8fcc/111821/107693/bereshit-wall-39-butterflies-wing.jpg?camera_label=front&revision=1755300249340&s=400,,,,,,,,,,,,,,,,,,,,,,,
https://yuku.app/market/afeuw-qaaaa-aaaap-aakya-cai/vlek3-uikor-uwiaa-aaaaa-dyacw-aaqca-aaaat-q,Bereshit Wall #40,https://revelation-walls.printify.me/product/22454696/bereshit-wall-40-butterflies-wing-up-close,,https://images-api.printify.com/mockup/689fc1ab571c2c156d07b128/88296/103227/bereshit-wall-40-butterflies-wing-up-close.jpg?camera_label=front&revision=1755300578008&s=400,,,,,,,,,,,,,,,,,,,,,,,
https://yuku.app/market/afeuw-qaaaa-aaaap-aakya-cai/hj33a-qakor-uwiaa-aaaaa-dyacw-aaqca-aaaau-a,Bereshit Wall #41,https://revelation-walls.printify.me/product/22455006/bereshit-wall-41-birds-flock-together,,https://images-api.printify.com/mockup/689fc2ee571c2c156d07b186/88296/103227/bereshit-wall-41-birds-flock-together.jpg?camera_label=front&revision=1755301634483&s=400,,,,,,,,,,,,,,,,,,,,,,,
https://yuku.app/market/afeuw-qaaaa-aaaap-aakya-cai/jvyib-vqkor-uwiaa-aaaaa-dyacw-aaqca-aaaau-q,Bereshit Wall #42,https://revelation-walls.printify.me/product/22455147/bereshit-wall-42-melted-reality,,https://images-api.printify.com/mockup/689fc71a09de3a1de90daa80/111821/107693/bereshit-wall-42-melted-reality.jpg?camera_label=front&revision=1755302370786&s=400,,,,,,,,,,,,,,,,,,,,,,,
https://yuku.app/market/afeuw-qaaaa-aaaap-aakya-cai/2r45c-3akor-uwiaa-aaaaa-dyacw-aaqca-aaaav-a,Bereshit Wall #43,https://revelation-walls.printify.me/product/22455204/bereshit-wall-43-gold-streaks-of-colors,,https://images-api.printify.com/mockup/689fc88784289d63a50b91a2/111821/107693/bereshit-wall-43-gold-streaks-of-colors.jpg?camera_label=front&revision=1755302242072&s=400,,,,,,,,,,,,,,,,,,,,,,,
https://yuku.app/market/afeuw-qaaaa-aaaap-aakya-cai/un7od-6qkor-uwiaa-aaaaa-dyacw-aaqca-aaaav-q,Bereshit Wall #44,https://revelation-walls.printify.me/product/22455335/bereshit-wall-44-half-masked,,https://images-api.printify.com/mockup/689fc9fad06706836207dbbb/111821/107693/bereshit-wall-44-half-masked.jpg?camera_label=front&revision=1755302825323&s=400,,,,,,,,,,,,,,,,,,,,,,,
https://yuku.app/market/afeuw-qaaaa-aaaap-aakya-cai/hunhi-wikor-uwiaa-aaaaa-dyacw-aaqca-aaaaw-a,Bereshit Wall #45,https://revelation-walls.printify.me/product/22455459/bereshit-wall-45-unusual-flower,,https://images-api.printify.com/mockup/689fcbc637f23f04cd02acba/88296/103227/bereshit-wall-45-unusual-flower.jpg?camera_label=front&revision=1755303130386&s=400,,,,,,,,,,,,,,,,,,,,,,,
https://yuku.app/market/afeuw-qaaaa-aaaap-aakya-cai/jiouj-tykor-uwiaa-aaaaa-dyacw-aaqca-aaaaw-q,Bereshit Wall #46,https://revelation-walls.printify.me/product/22455741/bereshit-wall-46-sweet-kiss,,https://images-api.printify.com/mockup/689fccfba7bcbeda4b0c4725/88290/103732/bereshit-wall-46-sweet-kiss.jpg?camera_label=side&revision=1755304155355&s=400,,,,,,,,,,,,,,,,,,,,,,,
https://yuku.app/market/afeuw-qaaaa-aaaap-aakya-cai/2mkbk-5ikor-uwiaa-aaaaa-dyacw-aaqca-aaaax-a,Bereshit Wall #47,https://revelation-walls.printify.me/product/22455923/bereshit-wall-47-pinks-in-detail,,https://images-api.printify.com/mockup/689fd0e6d23165782a09d5c5/88290/103732/copy-of-bereshit-wall-47-pinks-in-detail.jpg?camera_label=side&revision=1755304743006&s=400,,,,,,,,,,,,,,,,,,,,,,,
https://yuku.app/market/afeuw-qaaaa-aaaap-aakya-cai/uqjsl-yykor-uwiaa-aaaaa-dyacw-aaqca-aaaax-q,Bereshit Wall #48,https://revelation-walls.printify.me/product/22459591/bereshit-wall-48,,https://images-api.printify.com/mockup/689fd332d23165782a09d66e/88296/103227/bereshit-wall-48.jpg?camera_label=front&revision=1755317524233&s=400,,,,,,,,,,,,,,,,,,,,,,,
https://yuku.app/market/afeuw-qaaaa-aaaap-aakya-cai/fensq-fqkor-uwiaa-aaaaa-dyacw-aaqca-aaaay-a,Bereshit Wall #49,https://revelation-walls.printify.me/product/22476688/bereshit-wall-49-the-turtles-scream,,https://images-api.printify.com/mockup/68a0fe23d23165782a0a1fef/88296/103227/bereshit-wall-49-the-turtles-scream.jpg?camera_label=front&revision=1755381800492&s=400,,,,,,,,,,,,,,,,,,,,,,,
https://yuku.app/market/afeuw-qaaaa-aaaap-aakya-cai/lyobr-aakor-uwiaa-aaaaa-dyacw-aaqca-aaaay-q,Bereshit Wall #50,https://revelation-walls.printify.me/product/22476942/bereshit-wall-50-the-turtles-scream-2,,https://images-api.printify.com/mockup/68a10065022245c7be06831a/88296/103227/bereshit-wall-50-the-turtles-scream-2.jpg?camera_label=front&revision=1755382269344&s=400,,,,,,,,,,,,,,,,,,,,,,,
https://yuku.app/market/afeuw-qaaaa-aaaap-aakya-cai/y4kus-oqkor-uwiaa-aaaaa-dyacw-aaqca-aaaaz-a,Bereshit Wall #51,https://revelation-walls.printify.me/product/22477418/bereshit-wall-51-super-natural-map,,https://images-api.printify.com/mockup/68a10245de29b5144d01be90/107261/103801/bereshit-wall-51-super-natural-map.jpg?camera_label=side&revision=1755382848668&s=400,,,,,,,,,,,,,,,,,,,,,,,
https://yuku.app/market/afeuw-qaaaa-aaaap-aakya-cai/wajht-lakor-uwiaa-aaaaa-dyacw-aaqca-aaaaz-q,Bereshit Wall #52,https://revelation-walls.printify.me/product/22477936/bereshit-wall-52-golden-tribal-whale,,https://images-api.printify.com/mockup/68a10452571c2c156d0803ab/88296/103227/bereshit-wall-52-golden-tribal-whale.jpg?camera_label=front&revision=1755383432630&s=400,,,,,,,,,,,,,,,,,,,,,,,
https://yuku.app/market/afeuw-qaaaa-aaaap-aakya-cai/fz3oy-dykor-uwiaa-aaaaa-dyacw-aaqca-aaaa2-a,Bereshit Wall #53,https://revelation-walls.printify.me/product/22478290/bereshit-wall-53-melted-shells,,https://images-api.printify.com/mockup/68a106d937f23f04cd02f948/88296/103227/bereshit-wall-53-melted-shells.jpg?camera_label=front&revision=1755383714174&s=400,,,,,,,,,,,,,,,,,,,,,,,
https://yuku.app/market/afeuw-qaaaa-aaaap-aakya-cai/lfy5z-gikor-uwiaa-aaaaa-dyacw-aaqca-aaaa2-q,Bereshit Wall #54,https://revelation-walls.printify.me/product/22478422/bereshit-wall-54-sea-and-land-creatures,,https://images-api.printify.com/mockup/68a107d619f85ebc6001929c/88296/103227/bereshit-wall-54-sea-and-land-creatures.jpg?camera_label=front&revision=1755383883898&s=400,,,,,,,,,,,,,,,,,,,,,,,
https://yuku.app/market/afeuw-qaaaa-aaaap-aakya-cai/yb4i2-iykor-uwiaa-aaaaa-dyacw-aaqca-aaaa3-a,Bereshit Wall #55,https://revelation-walls.printify.me/product/22478504/bereshit-wall-55-the-old-new-lands,,https://images-api.printify.com/mockup/68a108563cb7daa78d061d3a/88296/103227/bereshit-wall-55-the-old-new-lands.jpg?camera_label=front&revision=1755384213017&s=400,,,,,,,,,,,,,,,,,,,,,,,
https://yuku.app/market/afeuw-qaaaa-aaaap-aakya-cai/w5733-nikor-uwiaa-aaaaa-dyacw-aaqca-aaaa3-q,Bereshit Wall #56,https://revelation-walls.printify.me/product/22478584/bereshit-wall-56-animals-colorful-call,,https://images-api.printify.com/mockup/68a1099c09de3a1de90dfd0c/88296/103227/bereshit-wall-56-animals-colorful-call.jpg?camera_label=front&revision=1755384362260&s=400,,,,,,,,,,,,,,,,,,,,,,,
https://yuku.app/market/afeuw-qaaaa-aaaap-aakya-cai/e7aka-jakor-uwiaa-aaaaa-dyacw-aaqca-aaaa4-a,Bereshit Wall #57,https://revelation-walls.printify.me/product/22478702/bereshit-wall-57-magical-shells-glory,,https://images-api.printify.com/mockup/68a10a3709de3a1de90dfd56/88296/103227/bereshit-wall-57-magical-shells-glory.jpg?camera_label=front&revision=1755384556199&s=400,,,,,,,,,,,,,,,,,,,,,,,
https://yuku.app/market/afeuw-qaaaa-aaaap-aakya-cai/kddzb-mqkor-uwiaa-aaaaa-dyacw-aaqca-aaaa4-q,Bereshit Wall #58,https://revelation-walls.printify.me/product/22478805/bereshit-wall-58-origins,,https://images-api.printify.com/mockup/68a10af809de3a1de90dfdf0/88296/103227/bereshit-wall-58-origins.jpg?camera_label=front&revision=1755384694201&s=400,,,,,,,,,,,,,,,,,,,,,,,
https://yuku.app/market/afeuw-qaaaa-aaaap-aakya-cai/zhhmc-cakor-uwiaa-aaaaa-dyacw-aaqca-aaaa5-a,Bereshit Wall #59,https://revelation-walls.printify.me/product/22478868/bereshit-wall-59-seeds-of-all-kind,,https://images-api.printify.com/mockup/68a10b85a7bcbeda4b0c9898/88296/103227/bereshit-wall-59-seeds-of-all-kind.jpg?camera_label=front&revision=1755384834108&s=400,,,,,,,,,,,,,,,,,,,,,,,
https://yuku.app/market/afeuw-qaaaa-aaaap-aakya-cai/x3e7d-hqkor-uwiaa-aaaaa-dyacw-aaqca-aaaa5-q,Bereshit Wall #60,https://revelation-walls.printify.me/product/22479124/bereshit-wall-60-spectrum-waters-and-amp-spectrum-lands,,https://images-api.printify.com/mockup/68a10c86d23165782a0a257b/88296/103227/bereshit-wall-60-spectrum-waters-spectrum-lands.jpg?camera_label=front&revision=1755385220217&s=400,,,,,,,,,,,,,,,,,,,,,,,
https://yuku.app/market/afeuw-qaaaa-aaaap-aakya-cai/ecwwi-pikor-uwiaa-aaaaa-dyacw-aaqca-aaaa6-a,Bereshit Wall #61,https://revelation-walls.printify.me/product/22479264/bereshit-wall-61-ancient-leopard-looking-below,,https://images-api.printify.com/mockup/68a10d97571c2c156d0807f3/88296/103227/bereshit-wall-61-ancient-leopard-looking-below.jpg?camera_label=front&revision=1755385429294&s=400,,,,,,,,,,,,,,,,,,,,,,,
https://yuku.app/market/afeuw-qaaaa-aaaap-aakya-cai/k6vfj-kykor-uwiaa-aaaaa-dyacw-aaqca-aaaa6-q,Bereshit Wall #62,https://revelation-walls.printify.me/product/22479561/bereshit-wall-62-leopards-tears,,https://images-api.printify.com/mockup/68a10eac84289d63a50be642/88296/103227/bereshit-wall-62-leopards-tears.jpg?camera_label=front&revision=1755385862801&s=400,,,,,,,,,,,,,,,,,,,,,,,
https://yuku.app/market/afeuw-qaaaa-aaaap-aakya-cai/z2rqk-eikor-uwiaa-aaaaa-dyacw-aaqca-aaaa7-a,Bereshit Wall #63,https://revelation-walls.printify.me/product/22479663/bereshit-wall-63-the-sea-king,,https://images-api.printify.com/mockup/68a11013a7bcbeda4b0c9ab1/88296/103227/bereshit-wall-63-the-sea-king.jpg?camera_label=front&revision=1755385994233&s=400,,,,,,,,,,,,,,,,,,,,,,,
https://yuku.app/market/afeuw-qaaaa-aaaap-aakya-cai/xgsdl-bykor-uwiaa-aaaaa-dyacw-aaqca-aaaa7-q,Bereshit Wall #64,https://revelation-walls.printify.me/product/22479690/bereshit-wall-64the-sea-king-2,,https://images-api.printify.com/mockup/68a1109219f85ebc600195e1/88296/103227/bereshit-wall-64the-sea-king-2.jpg?camera_label=front&revision=1755386094615&s=400,,,,,,,,,,,,,,,,,,,,,,,
,,,,,,,,,,,,,,,,,,,,,,,,,,,
https://yuku.app/market/afeuw-qaaaa-aaaap-aakya-cai/pepfs-kqkor-uwiaa-aaaaa-dyacw-aaqca-aaaba-a,Revelation Wall #1,https://revelation-walls.printify.me/product/22479718/revelation-wall-1-gilded-flower,,https://images-api.printify.com/mockup/68a1110887987a828a0aed0f/88296/103227/revelation-wall-1-gilded-flower.jpg?camera_label=front&revision=1755386248469&s=400,,,,,,,,,,,,,,,,,,,,,,,
https://yuku.app/market/afeuw-qaaaa-aaaap-aakya-cai/bymwt-pakor-uwiaa-aaaaa-dyacw-aaqca-aaaba-q,Revelation Wall #2,https://revelation-walls.printify.me/product/22479838/revelation-wall-2-ancient-covenant-birth,,https://images-api.printify.com/mockup/68a1119787987a828a0aed3e/88296/103227/revelation-wall-2-ancient-covenant-birth.jpg?camera_label=front&revision=1755386455986&s=400,,,,,,,,,,,,,,,,,,,,,,,
https://yuku.app/market/afeuw-qaaaa-aaaap-aakya-cai/s4idq-bqkor-uwiaa-aaaaa-dyacw-aaqca-aaabb-a,Revelation Wall #3,https://revelation-walls.printify.me/product/22480053/revelation-wall-3-majestic-creatures-fall,,https://images-api.printify.com/mockup/68a1125f87987a828a0aed95/88296/103227/revelation-wall-3-majestic-creatures-fall.jpg?camera_label=front&revision=1755386836933&s=400,,,,,,,,,,,,,,,,,,,,,,,
https://yuku.app/market/afeuw-qaaaa-aaaap-aakya-cai/4alqr-eakor-uwiaa-aaaaa-dyacw-aaqca-aaabb-q,Revelation Wall #4,https://revelation-walls.printify.me/product/22480164/revelation-wall-4-breakthrough-the-darkness,,https://images-api.printify.com/mockup/68a113fa19f85ebc60019721/88296/103227/revelation-wall-4-breakthrough-the-darkness.jpg?camera_label=front&revision=1755387044513&s=400,,,,,,,,,,,,,,,,,,,,,,,
https://yuku.app/market/afeuw-qaaaa-aaaap-aakya-cai/pzzz2-mykor-uwiaa-aaaaa-dyacw-aaqca-aaabc-a,Revelation Wall #5,https://revelation-walls.printify.me/product/22480342/revelation-wall-5-life-of-the-flowers,,https://images-api.printify.com/mockup/68a114bb84289d63a50be84d/88296/103227/revelation-wall-5-life-of-the-flowers.jpg?camera_label=front&revision=1755387256988&s=400,,,,,,,,,,,,,,,,,,,,,,,
https://yuku.app/market/afeuw-qaaaa-aaaap-aakya-cai/bf2k3-jikor-uwiaa-aaaaa-dyacw-aaqca-aaabc-q,Revelation Wall #6,https://revelation-walls.printify.me/product/22480606/revelation-wall-6-invisible-kingdoms,,https://images-api.printify.com/mockup/68a11580a7bcbeda4b0c9c96/88296/103227/revelation-wall-6-invisible-kingdoms.jpg?camera_label=front&revision=1755387594855&s=400,,,,,,,,,,,,,,,,,,,,,,,
https://yuku.app/market/afeuw-qaaaa-aaaap-aakya-cai/sb67y-hykor-uwiaa-aaaaa-dyacw-aaqca-aaabd-a,Revelation Wall #7,https://revelation-walls.printify.me/product/22480911/revelation-wall-7-majestic-realms,,https://images-api.printify.com/mockup/68a116db3cb7daa78d06237a/88296/103227/revelation-wall-7-majestic-realms.jpg?camera_label=front&revision=1755388568009&s=400,,,,,,,,,,,,,,,,,,,,,,,
https://yuku.app/market/afeuw-qaaaa-aaaap-aakya-cai/455mz-cikor-uwiaa-aaaaa-dyacw-aaqca-aaabd-q,Revelation Wall #8,https://revelation-walls.printify.me/product/22481078/revelation-wall-8-rainbowz-waterfalll,,https://images-api.printify.com/mockup/68a11ae2a7bcbeda4b0c9e7f/88296/103227/revelation-wall-8-rainbowz-waterfall.jpg?camera_label=front&revision=1755389068653&s=400,,,,,,,,,,,,,,,,,,,,,,,
https://yuku.app/market/afeuw-qaaaa-aaaap-aakya-cai/o7c5c-gakor-uwiaa-aaaaa-dyacw-aaqca-aaabe-a,Revelation Wall #9,https://revelation-walls.printify.me/product/22481213/revelation-wall-9-mothership-frequency,,https://images-api.printify.com/mockup/68a11c98a7bcbeda4b0c9f57/88296/103227/revelation-wall-9-mothership-frequency.jpg?camera_label=front&revision=1755389297407&s=400,,,,,,,,,,,,,,,,,,,,,,,
https://yuku.app/market/afeuw-qaaaa-aaaap-aakya-cai/adbod-dqkor-uwiaa-aaaaa-dyacw-aaqca-aaabe-q,Revelation Wall #10,https://revelation-walls.printify.me/product/22481328/revelation-wall-10-mothership-frequencies,,https://images-api.printify.com/mockup/68a11d80f2820655410083bb/88296/103227/revelation-wall-10-mothership-frequencies.jpg?camera_label=front&revision=1755389488737&s=400,,,,,,,,,,,,,,,,,,,,,,,
https://yuku.app/market/afeuw-qaaaa-aaaap-aakya-cai/thf3a-nakor-uwiaa-aaaaa-dyacw-aaqca-aaabf-a,Revelation Wall #11,https://revelation-walls.printify.me/product/22481444/revelation-wall-11-beneath-the-surface,,https://images-api.printify.com/mockup/68a11e4619f85ebc60019b1b/88296/103227/revelation-wall-11-beneath-the-surface.jpg?camera_label=front&revision=1755389650691&s=400,,,,,,,,,,,,,,,,,,,,,,,
https://yuku.app/market/afeuw-qaaaa-aaaap-aakya-cai/53gib-iqkor-uwiaa-aaaaa-dyacw-aaqca-aaabf-q,Revelation Wall #12,https://revelation-walls.printify.me/product/22482027/f-revelation-wall-12-parcial-infinity,,https://images-api.printify.com/mockup/68a11fabd23165782a0a2ccb/88296/103227/revelation-wall-12-partial-infinity.jpg?camera_label=front&revision=1755663400243&s=400,,,,,,,,,,,,,,,,,,,,,,,
https://yuku.app/market/afeuw-qaaaa-aaaap-aakya-cai/ocubk-aikor-uwiaa-aaaaa-dyacw-aaqca-aaabg-a,Revelation Wall #13,https://revelation-walls.printify.me/product/22483729/revelation-wall-13-strange-clouds,,https://images-api.printify.com/mockup/68a12459d23165782a0a2ee9/88296/103227/revelation-wall-13-strange-clouds.jpg?camera_label=front&revision=1755395749460&s=400,,,,,,,,,,,,,,,,,,,,,,,
https://yuku.app/market/afeuw-qaaaa-aaaap-aakya-cai/a6xsl-fykor-uwiaa-aaaaa-dyacw-aaqca-aaabg-q,Revelation Wall #14,https://revelation-walls.printify.me/product/22483934/revelation-wall-14-snake-head,,https://images-api.printify.com/mockup/68a137010620d198d30e920f/88296/103227/revelation-wall-14-snake-head.jpg?camera_label=front&revision=1755396206595&s=400,,,,,,,,,,,,,,,,,,,,,,,
https://yuku.app/market/afeuw-qaaaa-aaaap-aakya-cai/t2thi-likor-uwiaa-aaaaa-dyacw-aaqca-aaabh-a,Revelation Wall #15,https://revelation-walls.printify.me/product/22484454/revelation-wall-15-the-storm,,https://images-api.printify.com/mockup/68a13e243cb7daa78d0633dd/88296/103227/revelation-wall-15-the-storm.jpg?camera_label=front&revision=1755397807902&s=400,,,,,,,,,,,,,,,,,,,,,,,
https://yuku.app/market/afeuw-qaaaa-aaaap-aakya-cai/5gquj-oykor-uwiaa-aaaaa-dyacw-aaqca-aaabh-q,Revelation Wall #16,https://revelation-walls.printify.me/product/22482117/revelation-wall-16-drips-of-radiance,,https://images-api.printify.com/mockup/68a123cd0620d198d30e8a9c/88296/103227/revelation-wall-16-drips-of-radiance.jpg?camera_label=front&revision=1755391052719&s=400,,,,,,,,,,,,,,,,,,,,,,,
https://yuku.app/market/afeuw-qaaaa-aaaap-aakya-cai/msuus-tqkor-uwiaa-aaaaa-dyacw-aaqca-aaabi-a,Revelation Wall #17,https://revelation-walls.printify.me/product/22484500/revelation-wall-17-rebirth-in-color,,https://images-api.printify.com/mockup/68a13ecc84289d63a50bf8b7/88296/103227/revelation-wall-17-rebirth-in-color.jpg?camera_label=front&revision=1755397944414&s=400,,,,,,,,,,,,,,,,,,,,,,,
https://yuku.app/market/afeuw-qaaaa-aaaap-aakya-cai/coxht-wakor-uwiaa-aaaaa-dyacw-aaqca-aaabi-q,Revelation Wall #18,https://revelation-walls.printify.me/product/22484540/revelation-wall-18-3d-echos,,https://images-api.printify.com/mockup/68a13f4187987a828a0afec3/88296/103227/revelation-wall-18-3d-echos.jpg?camera_label=front&revision=1755398060373&s=400,,,,,,,,,,,,,,,,,,,,,,,
https://yuku.app/market/afeuw-qaaaa-aaaap-aakya-cai/rktsq-yqkor-uwiaa-aaaaa-dyacw-aaqca-aaabj-a,Revelation Wall #19,https://revelation-walls.printify.me/product/22484567/revelation-wall-19-alien-partyy,,https://images-api.printify.com/mockup/68a13fb587987a828a0aff22/88296/103227/revelation-wall-19-alien-party.jpg?camera_label=front&revision=1755398148057&s=400,,,,,,,,,,,,,,,,,,,,,,,
https://yuku.app/market/afeuw-qaaaa-aaaap-aakya-cai/7wqbr-5akor-uwiaa-aaaaa-dyacw-aaqca-aaabj-q,Revelation Wall #20,https://revelation-walls.printify.me/product/22484610/revelation-wall-20-alien-party-close-up,,https://images-api.printify.com/mockup/68a1400f571c2c156d081b5c/88296/103227/revelation-wall-20-alien-party-close-up.jpg?camera_label=front&revision=1755398253361&s=400,,,,,,,,,,,,,,,,,,,,,,,
https://yuku.app/market/afeuw-qaaaa-aaaap-aakya-cai/mpci2-vykor-uwiaa-aaaaa-dyacw-aaqca-aaabk-a,Revelation Wall #21,https://revelation-walls.printify.me/product/22484669/revelation-wall-21-blue-whale,,https://images-api.printify.com/mockup/68a1407887987a828a0aff8d/88296/103227/revelation-wall-21-blue-whale.jpg?camera_label=front&revision=1755398372039&s=400,,,,,,,,,,,,,,,,,,,,,,,
https://yuku.app/market/afeuw-qaaaa-aaaap-aakya-cai/ctb33-qikor-uwiaa-aaaaa-dyacw-aaqca-aaabk-q,Revelation Wall #22,https://revelation-walls.printify.me/product/22484715/revelation-wall-22-blue-whale-2,,https://images-api.printify.com/mockup/68a140f3571c2c156d081bdb/88296/103227/revelation-wall-22-blue-whale-2.jpg?camera_label=front&revision=1755398462279&s=400,,,,,,,,,,,,,,,,,,,,,,,
https://yuku.app/market/afeuw-qaaaa-aaaap-aakya-cai/rxfoy-6ykor-uwiaa-aaaaa-dyacw-aaqca-aaabl-a,Revelation Wall #23,https://revelation-walls.printify.me/product/22484770/revelation-wall-23-untitled,,https://images-api.printify.com/mockup/68a141421ba6b00346077236/88296/103227/revelation-wall-23-untitled.jpg?camera_label=front&revision=1755398573614&s=400,,,,,,,,,,,,,,,,,,,,,,,
https://yuku.app/market/afeuw-qaaaa-aaaap-aakya-cai/7lg5z-3ikor-uwiaa-aaaaa-dyacw-aaqca-aaabl-q,Revelation Wall #24,https://revelation-walls.printify.me/product/22484799/revelation-wall-24-the-visitors,,https://images-api.printify.com/mockup/68a141ba571c2c156d081c3f/88296/103227/revelation-wall-24-the-visitors.jpg?camera_label=front&revision=1755398668017&s=400,,,,,,,,,,,,,,,,,,,,,,,
https://yuku.app/market/afeuw-qaaaa-aaaap-aakya-cai/njzmc-7akor-uwiaa-aaaaa-dyacw-aaqca-aaabm-a,Revelation Wall #25,https://revelation-walls.printify.me/product/22484816/revelation-wall-25-strange-birth,,https://images-api.printify.com/mockup/68a1421287987a828a0b0051/88296/103227/revelation-wall-25-strange-birth.jpg?camera_label=front&revision=1755398753971&s=400,,,,,,,,,,,,,,,,,,,,,,,
https://yuku.app/market/afeuw-qaaaa-aaaap-aakya-cai/dv27d-2qkor-uwiaa-aaaaa-dyacw-aaqca-aaabm-q,Revelation Wall #26,https://revelation-walls.printify.me/product/22484865/revelation-wall-26-golden-purple-manifestation,,https://images-api.printify.com/mockup/68a1426809de3a1de90e136e/88296/103227/revelation-wall-26-golden-purple-manifestation.jpg?camera_label=front&revision=1755398865277&s=400,,,,,,,,,,,,,,,,,,,,,,,
https://yuku.app/market/afeuw-qaaaa-aaaap-aakya-cai/qr6ka-uakor-uwiaa-aaaaa-dyacw-aaqca-aaabn-a,Revelation Wall #27,https://revelation-walls.printify.me/product/22484900/revelation-wall-27-new-lands-in-3d,,https://images-api.printify.com/mockup/68a142de09de3a1de90e13ba/88296/103227/revelation-wall-27-new-lands-in-3d.jpg?camera_label=front&revision=1755398973530&s=400,,,,,,,,,,,,,,,,,,,,,,,
https://yuku.app/market/afeuw-qaaaa-aaaap-aakya-cai/6n5zb-rqkor-uwiaa-aaaaa-dyacw-aaqca-aaabn-q,Revelation Wall #28,https://revelation-walls.printify.me/product/22484929/revelation-wall-28-new-lands-in-3d-ii,,https://images-api.printify.com/mockup/68a143431ba6b0034607730d/88296/103227/revelation-wall-28-new-lands-in-3d-ii.jpg?camera_label=front&revision=1755399055744&s=400,,,,,,,,,,,,,,,,,,,,,,,
https://yuku.app/market/afeuw-qaaaa-aaaap-aakya-cai/nupqk-zikor-uwiaa-aaaaa-dyacw-aaqca-aaabo-a,Revelation Wall #29,https://revelation-walls.printify.me/product/22484953/revelation-wall-29-jelly-fish-energy,,https://images-api.printify.com/mockup/68a1439aab38ff1ae10b3c20/88296/103227/revelation-wall-29-jelly-fish-energy.jpg?camera_label=front&revision=1755399130333&s=400,,,,,,,,,,,,,,,,,,,,,,,
https://yuku.app/market/afeuw-qaaaa-aaaap-aakya-cai/dimdl-4ykor-uwiaa-aaaaa-dyacw-aaqca-aaabo-q,Revelation Wall #30,https://revelation-walls.printify.me/product/22484991/revelation-wall-30-water-dragon-energy,,https://images-api.printify.com/mockup/68a143e5571c2c156d081d3f/88296/103227/revelation-wall-30-water-dragon-energy.jpg?camera_label=front&revision=1755399219034&s=400,,,,,,,,,,,,,,,,,,,,,,,
https://yuku.app/market/afeuw-qaaaa-aaaap-aakya-cai/qmiwi-sikor-uwiaa-aaaaa-dyacw-aaqca-aaabp-a,Revelation Wall #31,https://revelation-walls.printify.me/product/22485015/revelation-wall-31-water-dragon-emerges,,https://images-api.printify.com/mockup/68a1443f09de3a1de90e1463/88296/103227/revelation-wall-31-water-dragon-emerges.jpg?camera_label=front&revision=1755399317057&s=400,,,,,,,,,,,,,,,,,,,,,,,
https://yuku.app/market/afeuw-qaaaa-aaaap-aakya-cai/6qlfj-xykor-uwiaa-aaaaa-dyacw-aaqca-aaabp-q,Revelation Wall #32,https://revelation-walls.printify.me/product/22485052/revelation-wall-32-electric-pink-lightening,,https://images-api.printify.com/mockup/68a1449d37f23f04cd0311c0/88296/103227/revelation-wall-32-electric-pink-lightening.jpg?camera_label=front&revision=1755399415837&s=400,,,,,,,,,,,,,,,,,,,,,,,
https://yuku.app/market/afeuw-qaaaa-aaaap-aakya-cai/ijyht-yqkor-uwiaa-aaaaa-dyacw-aaqca-aaabq-a,Revelation Wall #33,https://revelation-walls.printify.me/product/22485872/revelation-wall-33-magnetic-energies,,https://images-api.printify.com/mockup/68a1450337f23f04cd0311df/88296/103227/revelation-wall-33-magnetic-energies.jpg?camera_label=front&revision=1755402116281&s=400,,,,,,,,,,,,,,,,,,,,,,,
https://yuku.app/market/afeuw-qaaaa-aaaap-aakya-cai/gv3us-5akor-uwiaa-aaaaa-dyacw-aaqca-aaabq-q,Revelation Wall #34,https://revelation-walls.printify.me/product/22485950/revelation-wall-34-cloud-man-come-down,,https://images-api.printify.com/mockup/68a14faa84289d63a50c0028/88296/103227/revelation-wall-34-cloud-man-come-down.jpg?camera_label=front&revision=1755402318193&s=400,,,,,,,,,,,,,,,,,,,,,,,
https://yuku.app/market/afeuw-qaaaa-aaaap-aakya-cai/vr7br-tqkor-uwiaa-aaaaa-dyacw-aaqca-aaabr-a,Revelation Wall #35,https://revelation-walls.printify.me/product/22486005/revelation-wall-35-heavenly-dragons-revenge,,https://images-api.printify.com/mockup/68a14f8f3cb7daa78d063c46/88296/103227/revelation-wall-35-heavenly-dragons-revenge.jpg?camera_label=front&revision=1755402445374&s=400,,,,,,,,,,,,,,,,,,,,,,,
https://yuku.app/market/afeuw-qaaaa-aaaap-aakya-cai/3n4sq-wakor-uwiaa-aaaaa-dyacw-aaqca-aaabr-q,Revelation Wall #36,https://revelation-walls.printify.me/product/22486034/revelation-wall-36-eye-vortex,,https://images-api.printify.com/mockup/68a150da09de3a1de90e1a50/88296/103227/revelation-wall-36-eye-vortex.jpg?camera_label=front&revision=1755402565406&s=400,,,,,,,,,,,,,,,,,,,,,,,