collectionName,collectionCanisterId,tokenIdInCanister,tokenIdVisible,tokenIdentifier,mediaUrl
Revelation Walls,afeuw-qaaaa-aaaap-aakya-cai,0,0,b7bbr-oqkor-uwiaa-aaaaa-dyacw-aaqca-aaaaa-a,https://6mgqg-lqaaa-aaaag-abb2q-cai.raw.ic0.app/file/0.png
Revelation Walls,afeuw-qaaaa-aaaap-aakya-cai,1,1,pdcsq-lakor-uwiaa-aaaaa-dyacw-aaqca-aaaaa-q,https://6mgqg-lqaaa-aaaag-abb2q-cai.raw.ic0.app/file/1.png
Revelation Walls,afeuw-qaaaa-aaaap-aakya-cai,2,2,4hght-fqkor-uwiaa-aaaaa-dyacw-aaqca-aaaab-a,https://6mgqg-lqaaa-aaaag-abb2q-cai.raw.ic0.app/file/2.png
Revelation Walls,afeuw-qaaaa-aaaap-aakya-cai,3,3,s3fus-aakor-uwiaa-aaaaa-dyacw-aaqca-aaaab-q,https://6mgqg-lqaaa-aaaag-abb2q-cai.raw.ic0.app/file/3.png
Revelation Walls,afeuw-qaaaa-aaaap-aakya-cai,4,4,bcx5z-iykor-uwiaa-aaaaa-dyacw-aaqca-aaaac-a,https://6mgqg-lqaaa-aaaag-abb2q-cai.raw.ic0.app/file/4.png
Revelation Walls,afeuw-qaaaa-aaaap-aakya-cai,5,5,p6uoy-nikor-uwiaa-aaaaa-dyacw-aaqca-aaaac-q,https://6mgqg-lqaaa-aaaag-abb2q-cai.raw.ic0.app/file/5.png
Revelation Walls,afeuw-qaaaa-aaaap-aakya-cai,6,6,42q33-dykor-uwiaa-aaaaa-dyacw-aaqca-aaaad-a,https://6mgqg-lqaaa-aaaag-abb2q-cai.raw.ic0.app/file/6.png
Revelation Walls,afeuw-qaaaa-aaaap-aakya-cai,7,7,sgti2-gikor-uwiaa-aaaaa-dyacw-aaqca-aaaad-q,https://6mgqg-lqaaa-aaaag-abb2q-cai.raw.ic0.app/file/7.png
Revelation Walls,afeuw-qaaaa-aaaap-aakya-cai,8,8,aemzb-cakor-uwiaa-aaaaa-dyacw-aaqca-aaaae-a,https://6mgqg-lqaaa-aaaag-abb2q-cai.raw.ic0.app/file/8.png
Revelation Walls,afeuw-qaaaa-aaaap-aakya-cai,9,9,oypka-hqkor-uwiaa-aaaaa-dyacw-aaqca-aaaae-q,https://6mgqg-lqaaa-aaaag-abb2q-cai.raw.ic0.app/file/9.png
Revelation Walls,afeuw-qaaaa-aaaap-aakya-cai,10,10,54l7d-jakor-uwiaa-aaaaa-dyacw-aaqca-aaaaf-a,https://6mgqg-lqaaa-aaaag-abb2q-cai.raw.ic0.app/file/10.png
Revelation Walls,afeuw-qaaaa-aaaap-aakya-cai,11,11,taimc-mqkor-uwiaa-aaaaa-dyacw-aaqca-aaaaf-q,https://6mgqg-lqaaa-aaaag-abb2q-cai.raw.ic0.app/file/11.png
Revelation Walls,afeuw-qaaaa-aaaap-aakya-cai,12,12,az2fj-eikor-uwiaa-aaaaa-dyacw-aaqca-aaaag-a,https://6mgqg-lqaaa-aaaag-abb2q-cai.raw.ic0.app/file/12.png
Revelation Walls,afeuw-qaaaa-aaaap-aakya-cai,13,13,ofzwi-bykor-uwiaa-aaaaa-dyacw-aaqca-aaaag-q,https://6mgqg-lqaaa-aaaag-abb2q-cai.raw.ic0.app/file/13.png
Revelation Walls,afeuw-qaaaa-aaaap-aakya-cai,14,14,5b5dl-pikor-uwiaa-aaaaa-dyacw-aaqca-aaaah-a,https://6mgqg-lqaaa-aaaag-abb2q-cai.raw.ic0.app/file/14.png
Revelation Walls,afeuw-qaaaa-aaaap-aakya-cai,15,15,t56qk-kykor-uwiaa-aaaaa-dyacw-aaqca-aaaah-q,https://6mgqg-lqaaa-aaaag-abb2q-cai.raw.ic0.app/file/15.png
Revelation Walls,afeuw-qaaaa-aaaap-aakya-cai,16,16,cj2qr-xqkor-uwiaa-aaaaa-dyacw-aaqca-aaaai-a,https://6mgqg-lqaaa-aaaag-abb2q-cai.raw.ic0.app/file/16.png
Revelation Walls,afeuw-qaaaa-aaaap-aakya-cai,17,17,mvzdq-sakor-uwiaa-aaaaa-dyacw-aaqca-aaaai-q,https://6mgqg-lqaaa-aaaag-abb2q-cai.raw.ic0.app/file/17.png
Revelation Walls,afeuw-qaaaa-aaaap-aakya-cai,18,18,7r5wt-4qkor-uwiaa-aaaaa-dyacw-aaqca-aaaaj-a,https://6mgqg-lqaaa-aaaag-abb2q-cai.raw.ic0.app/file/18.png
Revelation Walls,afeuw-qaaaa-aaaap-aakya-cai,19,19,rn6fs-zakor-uwiaa-aaaaa-dyacw-aaqca-aaaaj-q,https://6mgqg-lqaaa-aaaag-abb2q-cai.raw.ic0.app/file/19.png
Revelation Walls,afeuw-qaaaa-aaaap-aakya-cai,20,20,cummz-rykor-uwiaa-aaaaa-dyacw-aaqca-aaaak-a,https://6mgqg-lqaaa-aaaag-abb2q-cai.raw.ic0.app/file/20.png
Revelation Walls,afeuw-qaaaa-aaaap-aakya-cai,21,21,mip7y-uikor-uwiaa-aaaaa-dyacw-aaqca-aaaak-q,https://6mgqg-lqaaa-aaaag-abb2q-cai.raw.ic0.app/file/21.png
Revelation Walls,afeuw-qaaaa-aaaap-aakya-cai,22,22,7mlk3-2ykor-uwiaa-aaaaa-dyacw-aaqca-aaaal-a,https://6mgqg-lqaaa-aaaag-abb2q-cai.raw.ic0.app/file/22.png
Revelation Walls,afeuw-qaaaa-aaaap-aakya-cai,23,23,rqiz2-7ikor-uwiaa-aaaaa-dyacw-aaqca-aaaal-q,https://6mgqg-lqaaa-aaaag-abb2q-cai.raw.ic0.app/file/23.png
Revelation Walls,afeuw-qaaaa-aaaap-aakya-cai,24,24,dsxib-3akor-uwiaa-aaaaa-dyacw-aaqca-aaaam-a,https://6mgqg-lqaaa-aaaag-abb2q-cai.raw.ic0.app/file/24.png
Revelation Walls,afeuw-qaaaa-aaaap-aakya-cai,25,25,nou3a-6qkor-uwiaa-aaaaa-dyacw-aaqca-aaaam-q,https://6mgqg-lqaaa-aaaag-abb2q-cai.raw.ic0.app/file/25.png
Revelation Walls,afeuw-qaaaa-aaaap-aakya-cai,26,26,6kqod-qakor-uwiaa-aaaaa-dyacw-aaqca-aaaan-a,https://6mgqg-lqaaa-aaaag-abb2q-cai.raw.ic0.app/file/26.png
Revelation Walls,afeuw-qaaaa-aaaap-aakya-cai,27,27,qwt5c-vqkor-uwiaa-aaaaa-dyacw-aaqca-aaaan-q,https://6mgqg-lqaaa-aaaag-abb2q-cai.raw.ic0.app/file/27.png
Revelation Walls,afeuw-qaaaa-aaaap-aakya-cai,28,28,dpbuj-5ikor-uwiaa-aaaaa-dyacw-aaqca-aaaao-a,https://6mgqg-lqaaa-aaaag-abb2q-cai.raw.ic0.app/file/28.png
Revelation Walls,afeuw-qaaaa-aaaap-aakya-cai,29,29,ntchi-yykor-uwiaa-aaaaa-dyacw-aaqca-aaaao-q,https://6mgqg-lqaaa-aaaag-abb2q-cai.raw.ic0.app/file/29.png
Revelation Walls,afeuw-qaaaa-aaaap-aakya-cai,30,30,6xgsl-wikor-uwiaa-aaaaa-dyacw-aaqca-aaaap-a,https://6mgqg-lqaaa-aaaag-abb2q-cai.raw.ic0.app/file/30.png
Revelation Walls,afeuw-qaaaa-aaaap-aakya-cai,31,31,qlfbk-tykor-uwiaa-aaaaa-dyacw-aaqca-aaaap-q,https://6mgqg-lqaaa-aaaag-abb2q-cai.raw.ic0.app/file/31.png
Revelation Walls,afeuw-qaaaa-aaaap-aakya-cai,32,32,gswdq-4qkor-uwiaa-aaaaa-dyacw-aaqca-aaaaq-a,https://6mgqg-lqaaa-aaaag-abb2q-cai.raw.ic0.app/file/32.png
Revelation Walls,afeuw-qaaaa-aaaap-aakya-cai,33,33,iovqr-zakor-uwiaa-aaaaa-dyacw-aaqca-aaaaq-q,https://6mgqg-lqaaa-aaaag-abb2q-cai.raw.ic0.app/file/33.png
Revelation Walls,afeuw-qaaaa-aaaap-aakya-cai,34,34,3krfs-xqkor-uwiaa-aaaaa-dyacw-aaqca-aaaar-a,https://6mgqg-lqaaa-aaaag-abb2q-cai.raw.ic0.app/file/34.png
Revelation Walls,afeuw-qaaaa-aaaap-aakya-cai,35,35,vwswt-sakor-uwiaa-aaaaa-dyacw-aaqca-aaaar-q,https://6mgqg-lqaaa-aaaag-abb2q-cai.raw.ic0.app/file/35.png
Revelation Walls,afeuw-qaaaa-aaaap-aakya-cai,36,36,gpa7y-2ykor-uwiaa-aaaaa-dyacw-aaqca-aaaas-a,https://6mgqg-lqaaa-aaaag-abb2q-cai.raw.ic0.app/file/36.png
Revelation Walls,afeuw-qaaaa-aaaap-aakya-cai,37,37,itdmz-7ikor-uwiaa-aaaaa-dyacw-aaqca-aaaas-q,https://6mgqg-lqaaa-aaaag-abb2q-cai.raw.ic0.app/file/37.png
Revelation Walls,afeuw-qaaaa-aaaap-aakya-cai,38,38,3xhz2-rykor-uwiaa-aaaaa-dyacw-aaqca-aaaat-a,https://6mgqg-lqaaa-aaaag-abb2q-cai.raw.ic0.app/file/38.png
Revelation Walls,afeuw-qaaaa-aaaap-aakya-cai,39,39,vlek3-uikor-uwiaa-aaaaa-dyacw-aaqca-aaaat-q,https://6mgqg-lqaaa-aaaag-abb2q-cai.raw.ic0.app/file/39.png
Revelation Walls,afeuw-qaaaa-aaaap-aakya-cai,40,40,hj33a-qakor-uwiaa-aaaaa-dyacw-aaqca-aaaau-a,https://6mgqg-lqaaa-aaaag-abb2q-cai.raw.ic0.app/file/40.png
Revelation Walls,afeuw-qaaaa-aaaap-aakya-cai,41,41,jvyib-vqkor-uwiaa-aaaaa-dyacw-aaqca-aaaau-q,https://6mgqg-lqaaa-aaaag-abb2q-cai.raw.ic0.app/file/41.png
Revelation Walls,afeuw-qaaaa-aaaap-aakya-cai,42,42,2r45c-3akor-uwiaa-aaaaa-dyacw-aaqca-aaaav-a,https://6mgqg-lqaaa-aaaag-abb2q-cai.raw.ic0.app/file/42.png
Revelation Walls,afeuw-qaaaa-aaaap-aakya-cai,43,43,un7od-6qkor-uwiaa-aaaaa-dyacw-aaqca-aaaav-q,https://6mgqg-lqaaa-aaaag-abb2q-cai.raw.ic0.app/file/43.png
Revelation Walls,afeuw-qaaaa-aaaap-aakya-cai,44,44,hunhi-wikor-uwiaa-aaaaa-dyacw-aaqca-aaaaw-a,https://6mgqg-lqaaa-aaaag-abb2q-cai.raw.ic0.app/file/44.png
Revelation Walls,afeuw-qaaaa-aaaap-aakya-cai,45,45,jiouj-tykor-uwiaa-aaaaa-dyacw-aaqca-aaaaw-q,https://6mgqg-lqaaa-aaaag-abb2q-cai.raw.ic0.app/file/45.png
Revelation Walls,afeuw-qaaaa-aaaap-aakya-cai,46,46,2mkbk-5ikor-uwiaa-aaaaa-dyacw-aaqca-aaaax-a,https://6mgqg-lqaaa-aaaag-abb2q-cai.raw.ic0.app/file/46.png
Revelation Walls,afeuw-qaaaa-aaaap-aakya-cai,47,47,uqjsl-yykor-uwiaa-aaaaa-dyacw-aaqca-aaaax-q,https://6mgqg-lqaaa-aaaag-abb2q-cai.raw.ic0.app/file/47.png
Revelation Walls,afeuw-qaaaa-aaaap-aakya-cai,48,48,fensq-fqkor-uwiaa-aaaaa-dyacw-aaqca-aaaay-a,https://6mgqg-lqaaa-aaaag-abb2q-cai.raw.ic0.app/file/48.png
Revelation Walls,afeuw-qaaaa-aaaap-aakya-cai,49,49,lyobr-aakor-uwiaa-aaaaa-dyacw-aaqca-aaaay-q,https://6mgqg-lqaaa-aaaag-abb2q-cai.raw.ic0.app/file/49.png
Revelation Walls,afeuw-qaaaa-aaaap-aakya-cai,50,50,y4kus-oqkor-uwiaa-aaaaa-dyacw-aaqca-aaaaz-a,https://6mgqg-lqaaa-aaaag-abb2q-cai.raw.ic0.app/file/50.png
Revelation Walls,afeuw-qaaaa-aaaap-aakya-cai,51,51,wajht-lakor-uwiaa-aaaaa-dyacw-aaqca-aaaaz-q,https://6mgqg-lqaaa-aaaag-abb2q-cai.raw.ic0.app/file/51.png
Revelation Walls,afeuw-qaaaa-aaaap-aakya-cai,52,52,fz3oy-dykor-uwiaa-aaaaa-dyacw-aaqca-aaaa2-a,https://6mgqg-lqaaa-aaaag-abb2q-cai.raw.ic0.app/file/52.png
Revelation Walls,afeuw-qaaaa-aaaap-aakya-cai,53,53,lfy5z-gikor-uwiaa-aaaaa-dyacw-aaqca-aaaa2-q,https://6mgqg-lqaaa-aaaag-abb2q-cai.raw.ic0.app/file/53.png
Revelation Walls,afeuw-qaaaa-aaaap-aakya-cai,54,54,yb4i2-iykor-uwiaa-aaaaa-dyacw-aaqca-aaaa3-a,https://6mgqg-lqaaa-aaaag-abb2q-cai.raw.ic0.app/file/54.png
Revelation Walls,afeuw-qaaaa-aaaap-aakya-cai,55,55,w5733-nikor-uwiaa-aaaaa-dyacw-aaqca-aaaa3-q,https://6mgqg-lqaaa-aaaag-abb2q-cai.raw.ic0.app/file/55.png
Revelation Walls,afeuw-qaaaa-aaaap-aakya-cai,56,56,e7aka-jakor-uwiaa-aaaaa-dyacw-aaqca-aaaa4-a,https://6mgqg-lqaaa-aaaag-abb2q-cai.raw.ic0.app/file/56.png
Revelation Walls,afeuw-qaaaa-aaaap-aakya-cai,57,57,kddzb-mqkor-uwiaa-aaaaa-dyacw-aaqca-aaaa4-q,https://6mgqg-lqaaa-aaaag-abb2q-cai.raw.ic0.app/file/57.png
Revelation Walls,afeuw-qaaaa-aaaap-aakya-cai,58,58,zhhmc-cakor-uwiaa-aaaaa-dyacw-aaqca-aaaa5-a,https://6mgqg-lqaaa-aaaag-abb2q-cai.raw.ic0.app/file/58.png
Revelation Walls,afeuw-qaaaa-aaaap-aakya-cai,59,59,x3e7d-hqkor-uwiaa-aaaaa-dyacw-aaqca-aaaa5-q,https://6mgqg-lqaaa-aaaag-abb2q-cai.raw.ic0.app/file/59.png
Revelation Walls,afeuw-qaaaa-aaaap-aakya-cai,60,60,ecwwi-pikor-uwiaa-aaaaa-dyacw-aaqca-aaaa6-a,https://6mgqg-lqaaa-aaaag-abb2q-cai.raw.ic0.app/file/60.png
Revelation Walls,afeuw-qaaaa-aaaap-aakya-cai,61,61,k6vfj-kykor-uwiaa-aaaaa-dyacw-aaqca-aaaa6-q,https://6mgqg-lqaaa-aaaag-abb2q-cai.raw.ic0.app/file/61.png
Revelation Walls,afeuw-qaaaa-aaaap-aakya-cai,62,62,z2rqk-eikor-uwiaa-aaaaa-dyacw-aaqca-aaaa7-a,https://6mgqg-lqaaa-aaaag-abb2q-cai.raw.ic0.app/file/62.png
Revelation Walls,afeuw-qaaaa-aaaap-aakya-cai,63,63,xgsdl-bykor-uwiaa-aaaaa-dyacw-aaqca-aaaa7-q,https://6mgqg-lqaaa-aaaag-abb2q-cai.raw.ic0.app/file/63.png
Revelation Walls,afeuw-qaaaa-aaaap-aakya-cai,64,64,pepfs-kqkor-uwiaa-aaaaa-dyacw-aaqca-aaaba-a,https://6mgqg-lqaaa-aaaag-abb2q-cai.raw.ic0.app/file/64.png
Revelation Walls,afeuw-qaaaa-aaaap-aakya-cai,65,65,bymwt-pakor-uwiaa-aaaaa-dyacw-aaqca-aaaba-q,https://6mgqg-lqaaa-aaaag-abb2q-cai.raw.ic0.app/file/65.png
Revelation Walls,afeuw-qaaaa-aaaap-aakya-cai,66,66,s4idq-bqkor-uwiaa-aaaaa-dyacw-aaqca-aaabb-a,https://6mgqg-lqaaa-aaaag-abb2q-cai.raw.ic0.app/file/66.png
Revelation Walls,afeuw-qaaaa-aaaap-aakya-cai,67,67,4alqr-eakor-uwiaa-aaaaa-dyacw-aaqca-aaabb-q,https://6mgqg-lqaaa-aaaag-abb2q-cai.raw.ic0.app/file/67.png
Revelation Walls,afeuw-qaaaa-aaaap-aakya-cai,68,68,pzzz2-mykor-uwiaa-aaaaa-dyacw-aaqca-aaabc-a,https://6mgqg-lqaaa-aaaag-abb2q-cai.raw.ic0.app/file/68.png
Revelation Walls,afeuw-qaaaa-aaaap-aakya-cai,69,69,bf2k3-jikor-uwiaa-aaaaa-dyacw-aaqca-aaabc-q,https://6mgqg-lqaaa-aaaag-abb2q-cai.raw.ic0.app/file/69.png
Revelation Walls,afeuw-qaaaa-aaaap-aakya-cai,70,70,sb67y-hykor-uwiaa-aaaaa-dyacw-aaqca-aaabd-a,https://6mgqg-lqaaa-aaaag-abb2q-cai.raw.ic0.app/file/70.png
Revelation Walls,afeuw-qaaaa-aaaap-aakya-cai,71,71,455mz-cikor-uwiaa-aaaaa-dyacw-aaqca-aaabd-q,https://6mgqg-lqaaa-aaaag-abb2q-cai.raw.ic0.app/file/71.png
Revelation Walls,afeuw-qaaaa-aaaap-aakya-cai,72,72,o7c5c-gakor-uwiaa-aaaaa-dyacw-aaqca-aaabe-a,https://6mgqg-lqaaa-aaaag-abb2q-cai.raw.ic0.app/file/72.png
Revelation Walls,afeuw-qaaaa-aaaap-aakya-cai,73,73,adbod-dqkor-uwiaa-aaaaa-dyacw-aaqca-aaabe-q,https://6mgqg-lqaaa-aaaag-abb2q-cai.raw.ic0.app/file/73.png
Revelation Walls,afeuw-qaaaa-aaaap-aakya-cai,74,74,thf3a-nakor-uwiaa-aaaaa-dyacw-aaqca-aaabf-a,https://6mgqg-lqaaa-aaaag-abb2q-cai.raw.ic0.app/file/74.png
Revelation Walls,afeuw-qaaaa-aaaap-aakya-cai,75,75,53gib-iqkor-uwiaa-aaaaa-dyacw-aaqca-aaabf-q,https://6mgqg-lqaaa-aaaag-abb2q-cai.raw.ic0.app/file/75.png
Revelation Walls,afeuw-qaaaa-aaaap-aakya-cai,76,76,ocubk-aikor-uwiaa-aaaaa-dyacw-aaqca-aaabg-a,https://6mgqg-lqaaa-aaaag-abb2q-cai.raw.ic0.app/file/76.png
Revelation Walls,afeuw-qaaaa-aaaap-aakya-cai,77,77,a6xsl-fykor-uwiaa-aaaaa-dyacw-aaqca-aaabg-q,https://6mgqg-lqaaa-aaaag-abb2q-cai.raw.ic0.app/file/77.png
Revelation Walls,afeuw-qaaaa-aaaap-aakya-cai,78,78,t2thi-likor-uwiaa-aaaaa-dyacw-aaqca-aaabh-a,https://6mgqg-lqaaa-aaaag-abb2q-cai.raw.ic0.app/file/78.png
Revelation Walls,afeuw-qaaaa-aaaap-aakya-cai,79,79,5gquj-oykor-uwiaa-aaaaa-dyacw-aaqca-aaabh-q,https://6mgqg-lqaaa-aaaag-abb2q-cai.raw.ic0.app/file/79.png
Revelation Walls,afeuw-qaaaa-aaaap-aakya-cai,80,80,msuus-tqkor-uwiaa-aaaaa-dyacw-aaqca-aaabi-a,https://6mgqg-lqaaa-aaaag-abb2q-cai.raw.ic0.app/file/80.png
Revelation Walls,afeuw-qaaaa-aaaap-aakya-cai,81,81,coxht-wakor-uwiaa-aaaaa-dyacw-aaqca-aaabi-q,https://6mgqg-lqaaa-aaaag-abb2q-cai.raw.ic0.app/file/81.png
Revelation Walls,afeuw-qaaaa-aaaap-aakya-cai,82,82,rktsq-yqkor-uwiaa-aaaaa-dyacw-aaqca-aaabj-a,https://6mgqg-lqaaa-aaaag-abb2q-cai.raw.ic0.app/file/82.png
Revelation Walls,afeuw-qaaaa-aaaap-aakya-cai,83,83,7wqbr-5akor-uwiaa-aaaaa-dyacw-aaqca-aaabj-q,https://6mgqg-lqaaa-aaaag-abb2q-cai.raw.ic0.app/file/83.png
Revelation Walls,afeuw-qaaaa-aaaap-aakya-cai,84,84,mpci2-vykor-uwiaa-aaaaa-dyacw-aaqca-aaabk-a,https://6mgqg-lqaaa-aaaag-abb2q-cai.raw.ic0.app/file/84.png
Revelation Walls,afeuw-qaaaa-aaaap-aakya-cai,85,85,ctb33-qikor-uwiaa-aaaaa-dyacw-aaqca-aaabk-q,https://6mgqg-lqaaa-aaaag-abb2q-cai.raw.ic0.app/file/85.png
Revelation Walls,afeuw-qaaaa-aaaap-aakya-cai,86,86,rxfoy-6ykor-uwiaa-aaaaa-dyacw-aaqca-aaabl-a,https://6mgqg-lqaaa-aaaag-abb2q-cai.raw.ic0.app/file/86.png
Revelation Walls,afeuw-qaaaa-aaaap-aakya-cai,87,87,7lg5z-3ikor-uwiaa-aaaaa-dyacw-aaqca-aaabl-q,https://6mgqg-lqaaa-aaaag-abb2q-cai.raw.ic0.app/file/87.png
Revelation Walls,afeuw-qaaaa-aaaap-aakya-cai,88,88,njzmc-7akor-uwiaa-aaaaa-dyacw-aaqca-aaabm-a,https://6mgqg-lqaaa-aaaag-abb2q-cai.raw.ic0.app/file/88.png
Revelation Walls,afeuw-qaaaa-aaaap-aakya-cai,89,89,dv27d-2qkor-uwiaa-aaaaa-dyacw-aaqca-aaabm-q,https://6mgqg-lqaaa-aaaag-abb2q-cai.raw.ic0.app/file/89.png
Revelation Walls,afeuw-qaaaa-aaaap-aakya-cai,90,90,qr6ka-uakor-uwiaa-aaaaa-dyacw-aaqca-aaabn-a,https://6mgqg-lqaaa-aaaag-abb2q-cai.raw.ic0.app/file/90.png
Revelation Walls,afeuw-qaaaa-aaaap-aakya-cai,91,91,6n5zb-rqkor-uwiaa-aaaaa-dyacw-aaqca-aaabn-q,https://6mgqg-lqaaa-aaaag-abb2q-cai.raw.ic0.app/file/91.png
Revelation Walls,afeuw-qaaaa-aaaap-aakya-cai,92,92,nupqk-zikor-uwiaa-aaaaa-dyacw-aaqca-aaabo-a,https://6mgqg-lqaaa-aaaag-abb2q-cai.raw.ic0.app/file/92.png
Revelation Walls,afeuw-qaaaa-aaaap-aakya-cai,93,93,dimdl-4ykor-uwiaa-aaaaa-dyacw-aaqca-aaabo-q,https://6mgqg-lqaaa-aaaag-abb2q-cai.raw.ic0.app/file/93.png
Revelation Walls,afeuw-qaaaa-aaaap-aakya-cai,94,94,qmiwi-sikor-uwiaa-aaaaa-dyacw-aaqca-aaabp-a,https://6mgqg-lqaaa-aaaag-abb2q-cai.raw.ic0.app/file/94.png
Revelation Walls,afeuw-qaaaa-aaaap-aakya-cai,95,95,6qlfj-xykor-uwiaa-aaaaa-dyacw-aaqca-aaabp-q,https://6mgqg-lqaaa-aaaag-abb2q-cai.raw.ic0.app/file/95.png
Revelation Walls,afeuw-qaaaa-aaaap-aakya-cai,96,96,ijyht-yqkor-uwiaa-aaaaa-dyacw-aaqca-aaabq-a,https://6mgqg-lqaaa-aaaag-abb2q-cai.raw.ic0.app/file/96.png
Revelation Walls,afeuw-qaaaa-aaaap-aakya-cai,97,97,gv3us-5akor-uwiaa-aaaaa-dyacw-aaqca-aaabq-q,https://6mgqg-lqaaa-aaaag-abb2q-cai.raw.ic0.app/file/97.png
Revelation Walls,afeuw-qaaaa-aaaap-aakya-cai,98,98,vr7br-tqkor-uwiaa-aaaaa-dyacw-aaqca-aaabr-a,https://6mgqg-lqaaa-aaaag-abb2q-cai.raw.ic0.app/file/98.png
Revelation Walls,afeuw-qaaaa-aaaap-aakya-cai,99,99,3n4sq-wakor-uwiaa-aaaaa-dyacw-aaqca-aaabr-q,https://6mgqg-lqaaa-aaaag-abb2q-cai.raw.ic0.app/file/99.png